Fields + Description:,"

ERROR STATUS

For system use, don't modify 
","

ERROR MESSAGE

For system use, don't modify 
","

Product Name

Please enter the product name. Note: Please avoid adding product features such as weight. dimension, price description here. 
","

Variation

Depending upon the size that your product is available in please select the relevant size and fill in the necessary information. Example: Clothing comes in XS, S, M,L,XL,XXL etc according to body type Footwear comes in 37, 38, 39 according to foot size Beddings come in king, queen or single according to bed size, etc. If the relevant size for your product is not available in the drop down, please select Free Size. 
","

Meesho Price

This is the normal/regular price at which you sell on Meesho. This price shall be lower than the Maximum Retail Price (MRP) of the Product. Customers buying at this price will be able to return products for all reasons. 

Customers buying at this price will be able to return products for all reasons.
","

Wrong/Defective Returns Price

Enter the price at which you want to sell this product on Meesho app

Customers buying at this price can only return wrong/defective delivered items. Check all applicable return reasons in 'Return Reasons' sheet

Recommend entering Rs.28 lower than Meesho Price, based on reverse shipping & handling cost savings 
","

MRP

“MRP” stands for “Maximum Retail Price”. It's the highest price that a seller is allowed to sell a product for including taxes, charges added on the basic price of the product. No seller can sell a product for a price higher than MRP. Acceptable in INR ONLY. This information is generally available on the packaging label for pre-packed products. If you are not listing a pre-packed product, please provide the MRP as per the explanation above. 
","

GST %

Product GST % 
","

HSN ID

Select the HSN ID from the dropdown. 
","

Net Weight (gms)

Means the total weight of the product excluding the packaging weight, in grams (g). This information is available on the packaging label for pre-packed products. If you are not listing a pre-packed product, please check the weight of the product excluding any external packing and provide such information in SI Unit - grams. 
","

Inventory

Number of items you have in stock. 
","

Country of Origin

Country of Origin means the country in which the product has been produced/assembled. This information is available on the packaging label for pre- packed products. If you are not listing a pre-packed product, please provide the country in which the product is manufactured. 
","

Manufacturer Name

Enter the name of the Manufacturer which means the entity which has produced the product. This information is available on the packaging label of the product. Find “manufactured by” on the label. Manufacturer name may look like: ABC Appliances Pvt. Ltd.  If this information is not available on the label of your product or your product does not have a label, provide the details of the entity/person who is responsible for producing your product. 
","

Manufacturer Address

Enter the complete address of the Manufacturer which means the entity which has produced the product. This information is generally available on the packaging label of the product. Find “manufactured by” on the label. In the address, please specify the street, village/ town/ district along with the name of the state. If this information is not available on the label of your product or your product does not have a label, provide the details of the entity/person who is responsible for producing your product. 
","

Manufacturer Pincode

Enter the pincode mentioned in the manufacturers’ address. 
","

Packer Name

Enter the name of the Packer which generally means the entity which has packed the product. Packer details can generally be found on the label of the product. Find “Packed by” or “Pkd” on the label. Manufacturer name may look like: ABC Appliances Pvt. Ltd. In case your product does not have this information, provide the details of the packer of your product. In many cases, the manufacturer and packer may be the same. 
","

Packer Address

Enter the address of the Packer which generally means the entity which has packed the product. Packer details can generally be found on the label of the product. Find “Packed by” or “Pkd” on the label. In case your product does not have this information, provide the details of the packer of your product. In many cases, the manufacturer and packer may be the same. 
","

Packer Pincode

Enter the pincode mentioned in the packers’ address. 
","

Importer Name

Enter the name of the Importer which means the entity which has imported the product from any other country into India for sale in India. This information is generally available on the packaging label of the product. Find “imported by” on the label. If this information is not available on the label of your product or your product does not have a label, provide the details of the entity/person who is responsible for importing your product. 
","

Importer Address

Enter the address of the Importer which means the entity which has imported the product from any other country into India for sale in India. This information is generally available on the packaging label of the product. Find “imported by” on the label. If this information is not available on the label of your product or your product does not have a label, provide the details of the entity/person who is responsible for importing your product. 
","

Importer Pincode

Enter the pincode mentioned in the importers’ address. 
","

Blouse

Select ""Blouse"" from the list 
","

Border

Select ""Border"" from the list 
","

Color

Select ""Color"" from the list 
","

Generic Name

Generic Name means the commonly used name through which a product is generally called/known. Generic name DOES NOT MEAN the name of the brand or manufacturer of the product or its use. 
","

Net Quantity (N)

Net Quantity means total number of units in the product. If the product is a multi- pack, please mention the total number of units in the multi-pack. 

For example- if you are selling t-shirts in a multi-pack of 4, please specify 4. 
","

Print or Pattern Type

Select ""Print or Pattern Type"" from the list 
","

Saree Fabric

Select ""Saree Fabric"" from the list 
","

Transparency

Select ""Transparency"" from the list 
","

Type

Select ""Type"" from the list 
","

Blouse Length Size

Select ""Blouse Length Size"" from the list (Meter) 
","

Saree Length Size

Select ""Saree Length Size"" from the list (Meter) 
","

Image 1 (Front)

Click on Images Bulk Upload on the supplier panel to create the image links. Please don't add GOOGLE DRIVE links to avoid QC error 
","

Image 2

Click on 'Image link Generator' on the supplier panel to create the image links. Please note that google drive links will not be accepted 
","

Image 3

Click on 'Image link Generator' on the supplier panel to create the image links. Please note that google drive links will not be accepted 
","

Image 4

Click on 'Image link Generator' on the supplier panel to create the image links. Please note that google drive links will not be accepted 
","

Product ID / Style ID

Style Code is an alphanumeric code which is given to a product and can be found on the tag or packaging. Style Code remains the same for all Size variants and changes for all Color variants. For example, a red colored product that comes in three different sizes will have the same Style Code. 
","

SKU ID

Seller SKU ID is a unique ID for each product variation. This ID is created by seller which helps them to identify their products on Meesho. This ID will be shown in the inventory tab, orders tab, order label and invoices. 
","

Brand Name

Enter the Brand name 
","

Group ID

Enter same group ID for the products which should be grouped in a single catalog on Meesho app. 
","

Product Description

Please write few lines describing your product 
","

Blouse Color

Select ""Blouse Color"" from the list 
","

Blouse Fabric

Select ""Blouse Fabric"" from the list 
","

Blouse Pattern

Select ""Blouse Pattern"" from the list 
","

Border Width

Select ""Border Width"" from the list 
","

Brand

Select ""Brand"" from the list 
","

Loom Type

Select ""Loom Type"" from the list 
","

Occasion

Select ""Occasion"" from the list 
","

Ornamentation

Select ""Ornamentation"" from the list 
","

Pallu Details

Select ""Pallu Details"" from the list 
","

Pattern

Select ""Pattern"" from the list 
"
,,,,,,,,,,,,,,,,,,,,,,,,,,,,,,,,,,,,,,,,,,,,,,,,,,,
